{"input_signs": [false], "client_parameters": {"bootstrapKeys": {"bsk_v0": {"baseLog": 15, "glweDimension": 1, "inputSecretKeyID": "small", "level": 2, "outputSecretKeyID": "big", "variance": 8.645717832544903e-32}}, "functionName": "main", "inputs": [{"encryption": {"encoding": {"precision": 5}, "secretKeyID": "big", "variance": 8.645717832544903e-32}, "shape": {"dimensions": [1, 15], "size": 15, "width": 5}}], "keyswitchKeys": {"ksk_v0": {"baseLog": 3, "inputSecretKeyID": "big", "level": 5, "outputSecretKeyID": "small", "variance": 3.2214500024314804e-11}}, "outputs": [{"encryption": {"encoding": {"precision": 5}, "secretKeyID": "big", "variance": 8.645717832544903e-32}, "shape": {"dimensions": [1, 4], "size": 4, "width": 5}}], "secretKeys": {"big": {"dimension": 2048}, "small": {"dimension": 754}}}, "output_signs": [false]}